"Relative Viscosity(Volume fraction), created by Plot Digitizer, 2.6.11"
"Date: 10/1/24, 12:55:38 AM"


6
Volume fraction,Relative Viscosity
0.0799764,1.23097,
0.298501,3.10679,
0.348712,4.23813,
0.396789,6.30192,
0.420256,8.02093,
0.442600,10.8442,
