"Relative Viscosity(Volume Fraction), created by Plot Digitizer, 2.6.11"
"Date: 10/1/24, 1:20:07 AM"


7
Volume Fraction,Relative Viscosity
0.317280,3.91454,
0.370741,5.16974,
0.401078,6.69616,
0.421355,9.51091,
0.451334,15.2608,
0.472864,21.1290,
0.493136,29.5552,
